{
  "dataset": "m4_weekly/W-SUN/short",
  "prediction_length": 13,
  "season_length": 1,
  "reward_definition": "reward = -MASE (lower MASE is better -> higher reward)",
  "results": [
    {
      "candidate": "cand_008",
      "dataset": "m4_weekly/W-SUN/short",
      "valid": true,
      "error": null,
      "runtime_s": 0.168,
      "MASE": 2.781386715124035,
      "CRPS": 0.06348407644763693,
      "RMSE": 673.0894067267881,
      "MSE_mean": 453049.3494478195,
      "MAE": 348.4603548623427,
      "reward": -2.781386715124035
    }
  ]
}
