{
  "dataset": "m4_hourly/H/short",
  "prediction_length": 48,
  "season_length": 24,
  "reward_definition": "reward = -MASE (lower MASE -> higher reward)",
  "results": [
    {
      "candidate": "cand_011",
      "dataset": "m4_hourly/H/short",
      "valid": true,
      "error": null,
      "runtime_s": 0.18,
      "MASE": 1.1932101877276544,
      "CRPS": 0.048309188694169974,
      "RMSE": 1901.1459125890665,
      "MSE_mean": 3614355.7809541146,
      "MAE": 353.85625000161247,
      "reward": -1.1932101877276544
    }
  ]
}
