{
  "dataset": "m4_hourly/H/short",
  "prediction_length": 48,
  "seed_candidate": "naive (built-in last-value)",
  "model": "gemini-2.5-flash",
  "prompt_version": "conservative_v2",
  "N_per_method": 10,
  "total_gemini_calls": 20,
  "reward_definition": "reward = -MASE (lower MASE -> higher reward)",
  "naive_baseline_MASE": 11.607687602745548,
  "winner_by_best_generated_MASE": "ERA",
  "either_beat_naive": true,
  "ERA": {
    "n_generated": 10,
    "valid": 10,
    "invalid": 0,
    "best_MASE_incl_seed": 1.1932101877276544,
    "best_generated_MASE_excl_seed": 1.1932101877276544,
    "distance_to_naive_excl_seed": -10.414477415017894,
    "beat_naive": true,
    "n_unique_programs": 10,
    "n_duplicate_programs": 0,
    "n_unique_valid_MASE": 7,
    "best_so_far": [
      2.2494143109148457,
      1.5136107474200524,
      1.5136107474200524,
      1.5136107474200524,
      1.398449242194672,
      1.2234017210613353,
      1.2234017210613353,
      1.2234017210613353,
      1.1932101877276544,
      1.1932101877276544
    ]
  },
  "best_of_N": {
    "n_generated": 10,
    "valid": 10,
    "invalid": 0,
    "best_MASE_incl_seed": 1.3651106991172814,
    "best_generated_MASE_excl_seed": 1.3651106991172814,
    "distance_to_naive_excl_seed": -10.242576903628267,
    "beat_naive": true,
    "n_unique_programs": 10,
    "n_duplicate_programs": 0,
    "n_unique_valid_MASE": 3,
    "best_so_far": [
      2.2494143109148457,
      2.2494143109148457,
      1.3651106991172814,
      1.3651106991172814,
      1.3651106991172814,
      1.3651106991172814,
      1.3651106991172814,
      1.3651106991172814,
      1.3651106991172814,
      1.3651106991172814
    ]
  },
  "era_records": [
    {
      "iteration": 0,
      "candidate_id": 0,
      "parent_id": null,
      "valid": true,
      "reward": -11.607687602745548,
      "MASE": 11.607687602745548,
      "CRPS": 0.1662927277272588,
      "RMSE": 7585.713136361401,
      "error": null,
      "candidate_path": "/Users/zhangweikun/era/implementation/saved_runs/gift_eval_c6b_era_vs_bon_m4_hourly_naive_N10/era_candidates/cand_000.py",
      "runtime_s": 1.181
    },
    {
      "iteration": 1,
      "candidate_id": 1,
      "parent_id": 0,
      "valid": true,
      "reward": -2.2494143109148457,
      "MASE": 2.2494143109148457,
      "CRPS": 0.048353830451794026,
      "RMSE": 1850.8292837497117,
      "error": null,
      "candidate_path": "/Users/zhangweikun/era/implementation/saved_runs/gift_eval_c6b_era_vs_bon_m4_hourly_naive_N10/era_candidates/cand_001.py",
      "runtime_s": 1.137
    },
    {
      "iteration": 2,
      "candidate_id": 2,
      "parent_id": 1,
      "valid": true,
      "reward": -1.5136107474200524,
      "MASE": 1.5136107474200524,
      "CRPS": 0.03625668277401754,
      "RMSE": 1260.8861848424135,
      "error": null,
      "candidate_path": "/Users/zhangweikun/era/implementation/saved_runs/gift_eval_c6b_era_vs_bon_m4_hourly_naive_N10/era_candidates/cand_002.py",
      "runtime_s": 1.148
    },
    {
      "iteration": 3,
      "candidate_id": 3,
      "parent_id": 2,
      "valid": true,
      "reward": -3.123146681479376,
      "MASE": 3.123146681479376,
      "CRPS": 0.052153782460293924,
      "RMSE": 2090.998025428301,
      "error": null,
      "candidate_path": "/Users/zhangweikun/era/implementation/saved_runs/gift_eval_c6b_era_vs_bon_m4_hourly_naive_N10/era_candidates/cand_003.py",
      "runtime_s": 0.851
    },
    {
      "iteration": 4,
      "candidate_id": 4,
      "parent_id": 2,
      "valid": true,
      "reward": -3.505643347882325,
      "MASE": 3.505643347882325,
      "CRPS": 0.23376290914155234,
      "RMSE": 9886.048639834968,
      "error": null,
      "candidate_path": "/Users/zhangweikun/era/implementation/saved_runs/gift_eval_c6b_era_vs_bon_m4_hourly_naive_N10/era_candidates/cand_004.py",
      "runtime_s": 0.93
    },
    {
      "iteration": 5,
      "candidate_id": 5,
      "parent_id": 2,
      "valid": true,
      "reward": -1.398449242194672,
      "MASE": 1.398449242194672,
      "CRPS": 0.04597839091273292,
      "RMSE": 1711.8436593858291,
      "error": null,
      "candidate_path": "/Users/zhangweikun/era/implementation/saved_runs/gift_eval_c6b_era_vs_bon_m4_hourly_naive_N10/era_candidates/cand_005.py",
      "runtime_s": 0.872
    },
    {
      "iteration": 6,
      "candidate_id": 6,
      "parent_id": 5,
      "valid": true,
      "reward": -1.2234017210613353,
      "MASE": 1.2234017210613353,
      "CRPS": 0.052270716032466746,
      "RMSE": 2050.8497015831786,
      "error": null,
      "candidate_path": "/Users/zhangweikun/era/implementation/saved_runs/gift_eval_c6b_era_vs_bon_m4_hourly_naive_N10/era_candidates/cand_006.py",
      "runtime_s": 1.102
    },
    {
      "iteration": 7,
      "candidate_id": 7,
      "parent_id": 6,
      "valid": true,
      "reward": -2.2494143109148457,
      "MASE": 2.2494143109148457,
      "CRPS": 0.048353830451794026,
      "RMSE": 1850.8292837497117,
      "error": null,
      "candidate_path": "/Users/zhangweikun/era/implementation/saved_runs/gift_eval_c6b_era_vs_bon_m4_hourly_naive_N10/era_candidates/cand_007.py",
      "runtime_s": 0.865
    },
    {
      "iteration": 8,
      "candidate_id": 8,
      "parent_id": 6,
      "valid": true,
      "reward": -2.2494143109148457,
      "MASE": 2.2494143109148457,
      "CRPS": 0.048353830451794026,
      "RMSE": 1850.8292837497117,
      "error": null,
      "candidate_path": "/Users/zhangweikun/era/implementation/saved_runs/gift_eval_c6b_era_vs_bon_m4_hourly_naive_N10/era_candidates/cand_008.py",
      "runtime_s": 0.872
    },
    {
      "iteration": 9,
      "candidate_id": 9,
      "parent_id": 6,
      "valid": true,
      "reward": -1.1932101877276544,
      "MASE": 1.1932101877276544,
      "CRPS": 0.048309188694169974,
      "RMSE": 1901.1459125890665,
      "error": null,
      "candidate_path": "/Users/zhangweikun/era/implementation/saved_runs/gift_eval_c6b_era_vs_bon_m4_hourly_naive_N10/era_candidates/cand_009.py",
      "runtime_s": 0.84
    },
    {
      "iteration": 10,
      "candidate_id": 10,
      "parent_id": 9,
      "valid": true,
      "reward": -2.2494143109148457,
      "MASE": 2.2494143109148457,
      "CRPS": 0.048353830451794026,
      "RMSE": 1850.8292837497117,
      "error": null,
      "candidate_path": "/Users/zhangweikun/era/implementation/saved_runs/gift_eval_c6b_era_vs_bon_m4_hourly_naive_N10/era_candidates/cand_010.py",
      "runtime_s": 0.844
    }
  ],
  "bon_records": [
    {
      "iteration": 0,
      "candidate_id": 0,
      "parent_id": null,
      "valid": true,
      "reward": -11.607687602745548,
      "MASE": 11.607687602745548,
      "CRPS": 0.1662927277272588,
      "RMSE": 7585.713136361401,
      "error": null,
      "candidate_path": "/Users/zhangweikun/era/implementation/saved_runs/gift_eval_c6b_era_vs_bon_m4_hourly_naive_N10/era_candidates/cand_000.py",
      "runtime_s": 1.181
    },
    {
      "iteration": 1,
      "candidate_id": 1,
      "parent_id": 0,
      "valid": true,
      "reward": -2.2494143109148457,
      "MASE": 2.2494143109148457,
      "CRPS": 0.048353830451794026,
      "RMSE": 1850.8292837497117,
      "error": null,
      "candidate_path": "/Users/zhangweikun/era/implementation/saved_runs/gift_eval_c6b_era_vs_bon_m4_hourly_naive_N10/bon_candidates/cand_001.py",
      "runtime_s": 0.862
    },
    {
      "iteration": 2,
      "candidate_id": 2,
      "parent_id": 0,
      "valid": true,
      "reward": -3.5465935519977942,
      "MASE": 3.5465935519977942,
      "CRPS": 0.147655550635437,
      "RMSE": 6631.018341676995,
      "error": null,
      "candidate_path": "/Users/zhangweikun/era/implementation/saved_runs/gift_eval_c6b_era_vs_bon_m4_hourly_naive_N10/bon_candidates/cand_002.py",
      "runtime_s": 1.167
    },
    {
      "iteration": 3,
      "candidate_id": 3,
      "parent_id": 0,
      "valid": true,
      "reward": -1.3651106991172814,