{
  "dataset": "m4_hourly/H/short",
  "prediction_length": 48,
  "season_length": 24,
  "reward_definition": "reward = -MASE (lower MASE -> higher reward)",
  "results": [
    {
      "candidate": "cand_014",
      "dataset": "m4_hourly/H/short",
      "valid": true,
      "error": null,
      "runtime_s": 0.19,
      "MASE": 1.8080197337835642,
      "CRPS": 0.10835332673782526,
      "RMSE": 4901.46768021112,
      "MSE_mean": 24024385.42015418,
      "MAE": 793.6689253337308,
      "reward": -1.8080197337835642
    }
  ]
}
