{
  "dataset": "m4_weekly/W-SUN/short",
  "prediction_length": 13,
  "season_length": 1,
  "reward_definition": "reward = -MASE (lower MASE is better -> higher reward)",
  "results": [
    {
      "candidate": "cand_010",
      "dataset": "m4_weekly/W-SUN/short",
      "valid": true,
      "error": null,
      "runtime_s": 0.174,
      "MASE": 2.77729558832023,
      "CRPS": 0.06339866134313142,
      "RMSE": 673.4426895347655,
      "MSE_mean": 453525.0560878185,
      "MAE": 347.9915163867425,
      "reward": -2.77729558832023
    }
  ]
}
