{
  "N": 20,
  "initial_score": -0.7339448894714724,
  "era_scores": [
    null,
    -0.6302241752991238,
    -0.5940365791395333,
    null,
    null,
    -0.5897322024182472,
    -0.5897322024182472,
    -0.5857593034661646,
    -0.6316974322196766,
    -0.5843641746922971,
    -0.5899790150529911,
    -0.6016983863603796,
    -0.5938195157866288,
    -0.599450109813146,
    -0.5779633594744911,
    -0.5777099698211268,
    -0.5754477934517723,
    -0.5761302138903032,
    -0.5734692027830156,
    -0.5766761422238367
  ],
  "era_running_best": [
    -0.7339448894714724,
    -0.6302241752991238,
    -0.5940365791395333,
    -0.5940365791395333,
    -0.5940365791395333,
    -0.5897322024182472,
    -0.5897322024182472,
    -0.5857593034661646,
    -0.5857593034661646,
    -0.5843641746922971,
    -0.5843641746922971,
    -0.5843641746922971,
    -0.5843641746922971,
    -0.5843641746922971,
    -0.5779633594744911,
    -0.5777099698211268,
    -0.5754477934517723,
    -0.5754477934517723,
    -0.5734692027830156,
    -0.5734692027830156
  ],
  "bon_scores": [
    null,
    -0.6724574287864047,
    null,
    -0.6348780429336832,
    -0.6189049402981815,
    null,
    null,
    -0.6149109612882422,
    null,
    null,
    null,
    null,
    null,
    -0.629719492234436,
    null,
    null,
    -0.6307217451005241,
    null,
    -0.7057765543885494,
    null
  ],
  "bon_running_best": [
    -0.7339448894714724,
    -0.6724574287864047,
    -0.6724574287864047,
    -0.6348780429336832,
    -0.6189049402981815,
    -0.6189049402981815,
    -0.6189049402981815,
    -0.6149109612882422,
    -0.6149109612882422,
    -0.6149109612882422,
    -0.6149109612882422,
    -0.6149109612882422,
    -0.6149109612882422,
    -0.6149109612882422,
    -0.6149109612882422,
    -0.6149109612882422,
    -0.6149109612882422,
    -0.6149109612882422,
    -0.6149109612882422,
    -0.6149109612882422
  ]
}