{
  "dataset": "m4_weekly/W-SUN/short",
  "prediction_length": 13,
  "season_length": 1,
  "reward_definition": "reward = -MASE (lower MASE is better -> higher reward)",
  "results": [
    {
      "candidate": "cand_002",
      "dataset": "m4_weekly/W-SUN/short",
      "valid": true,
      "error": null,
      "runtime_s": 0.19,
      "MASE": 5.080684389478772,
      "CRPS": 0.08783799240048572,
      "RMSE": 941.8167933162988,
      "MSE_mean": 887018.8721725959,
      "MAE": 482.1375644885566,
      "reward": -5.080684389478772
    }
  ]
}
