{
  "dataset": "m4_weekly/W-SUN/short",
  "prediction_length": 13,
  "season_length": 1,
  "reward_definition": "reward = -MASE (lower MASE is better -> higher reward)",
  "results": [
    {
      "candidate": "cand_019",
      "dataset": "m4_weekly/W-SUN/short",
      "valid": true,
      "error": null,
      "runtime_s": 0.168,
      "MASE": 2.803881710367426,
      "CRPS": 0.06400937136685105,
      "RMSE": 672.6047546879847,
      "MSE_mean": 452397.1560288842,
      "MAE": 351.34366772124065,
      "reward": -2.803881710367426
    }
  ]
}
