{
  "model": "gemini-2.5-flash-lite",
  "N": 10,
  "num_repeats": 3,
  "initial_score": -0.7339448894714724,
  "repeats": [
    {
      "repeat_id": 0,
      "model": "gemini-2.5-flash-lite",
      "N": 10,
      "initial_score": -0.7339448894714724,
      "era_scores": [
        null,
        -0.671126013950406,
        -0.661900317337724,
        -0.6145336701090822,
        null,
        -0.5890266196585703,
        -0.5871927015381593,
        null,
        -0.5835862206153907,
        -0.5809973122403245
      ],
      "era_running_best": [
        -0.7339448894714724,
        -0.671126013950406,
        -0.661900317337724,
        -0.6145336701090822,
        -0.6145336701090822,
        -0.5890266196585703,
        -0.5871927015381593,
        -0.5871927015381593,
        -0.5835862206153907,
        -0.5809973122403245
      ],
      "bon_scores": [
        -0.6304617010811726,
        -0.6315651825064081,
        -0.6261683906794787,
        null,
        -0.601676837357881,
        -0.6305743366546184,
        -0.6814519477997006,
        -0.6153928713004451,
        null,
        -0.6329803274186013
      ],
      "bon_running_best": [
        -0.6304617010811726,
        -0.6304617010811726,
        -0.6261683906794787,
        -0.6261683906794787,
        -0.601676837357881,
        -0.601676837357881,
        -0.601676837357881,
        -0.601676837357881,
        -0.601676837357881,
        -0.601676837357881
      ],
      "era_final_best": -0.5809973122403245,
      "bon_final_best": -0.601676837357881,
      "winner": "ERA",
      "num_failed_era_candidates": 3,
      "num_failed_bon_candidates": 2
    },
    {
      "repeat_id": 1,
      "model": "gemini-2.5-flash-lite",
      "N": 10,
      "initial_score": -0.7339448894714724,
      "era_scores": [
        -0.6965003761778644,
        null,
        -0.6257654411337806,
        -0.6396640117809976,
        -0.6182010854175337,
        -0.617070057383153,
        -0.608703145018177,
        -0.6107899936991849,
        -0.6031137457883471,
        -0.5910203047558055
      ],
      "era_running_best": [
        -0.6965003761778644,
        -0.6965003761778644,
        -0.6257654411337806,
        -0.6257654411337806,
        -0.6182010854175337,
        -0.617070057383153,
        -0.608703145018177,
        -0.608703145018177,
        -0.6031137457883471,
        -0.5910203047558055
      ],
      "bon_scores": [
        null,
        null,
        null,
        null,
        null,
        -0.6341356736133993,
        -0.6103658089442656,
        -0.608436631884947,
        -0.6286320350412092,
        -0.6344549828737596
      ],
      "bon_running_best": [
        -0.7339448894714724,
        -0.7339448894714724,
        -0.7339448894714724,
        -0.7339448894714724,
        -0.7339448894714724,
        -0.6341356736133993,
        -0.6103658089442656,
        -0.608436631884947,
        -0.608436631884947,
        -0.608436631884947
      ],
      "era_final_best": -0.5910203047558055,
      "bon_final_best": -0.608436631884947,
      "winner": "ERA",
      "num_failed_era_candidates": 1,
      "num_failed_bon_candidates": 5
    },
    {
      "repeat_id": 2,
      "model": "gemini-2.5-flash-lite",
      "N": 10,
      "initial_score": -0.7339448894714724,
      "era_scores": [
        -0.6263707698640764,
        -0.5833046729079431,
        null,
        null,
        -0.5816014779109284,
        -0.5819518986360498,
        -0.5801691634351647,
        -0.586838252219921,
        -0.5759798720738848,
        -0.5749819981616413
      ],
      "era_running_best": [
        -0.6263707698640764,
        -0.5833046729079431,
        -0.5833046729079431,
        -0.5833046729079431,
        -0.5816014779109284,
        -0.5816014779109284,
        -0.5801691634351647,
        -0.5801691634351647,
        -0.5759798720738848,
        -0.5749819981616413
      ],
      "bon_scores": [
        null,
        -0.6106499420333611,
        -0.6305131207098864,
        -0.613410249996646,
        -0.6071432216239024,
        -0.6094632327587592,
        null,
        null,
        -0.6162545567842909,
        -0.6259624897873833
      ],
      "bon_running_best": [
        -0.7339448894714724,
        -0.6106499420333611,
        -0.6106499420333611,
        -0.6106499420333611,
        -0.6071432216239024,
        -0.6071432216239024,
        -0.6071432216239024,
        -0.6071432216239024,
        -0.6071432216239024,
        -0.6071432216239024
      ],
      "era_final_best": -0.5749819981616413,
      "bon_final_best": -0.6071432216239024,
      "winner": "ERA",
      "num_failed_era_candidates": 2,
      "num_failed_bon_candidates": 3
    }
  ]
}