{
  "dataset": "m4_weekly/W-SUN/short",
  "prediction_length": 13,
  "season_length": 1,
  "reward_definition": "reward = -MASE (lower MASE is better -> higher reward)",
  "results": [
    {
      "candidate": "cand_008",
      "dataset": "m4_weekly/W-SUN/short",
      "valid": true,
      "error": null,
      "runtime_s": 0.166,
      "MASE": 2.7778891783835307,
      "CRPS": 0.0634105503093429,
      "RMSE": 673.3721314665405,
      "MSE_mean": 453430.02743579185,
      "MAE": 348.05677422172755,
      "reward": -2.7778891783835307
    }
  ]
}
