{
  "dataset": "m4_hourly/H/short",
  "prediction_length": 48,
  "season_length": 24,
  "reward_definition": "reward = -MASE (lower MASE -> higher reward)",
  "results": [
    {
      "candidate": "cand_013",
      "dataset": "m4_hourly/H/short",
      "valid": true,
      "error": null,
      "runtime_s": 0.194,
      "MASE": 5.164799927859021,
      "CRPS": 0.15800042008775486,
      "RMSE": 7367.440027347406,
      "MSE_mean": 54279172.55656075,
      "MAE": 1157.3250899508403,
      "reward": -5.164799927859021
    }
  ]
}
