repeat_id,model,N,initial_score,era_final_best,bon_final_best,winner,era_failures,bon_failures
0,gemini-2.5-flash,10,0.846776754525246,0.9888853604318831,0.9791997459510956,ERA,0,0
1,gemini-2.5-flash,10,0.846776754525246,0.9885677993013655,0.9791997459510956,ERA,0,0
2,gemini-2.5-flash,10,0.846776754525246,0.9888853604318831,0.9841219434741189,ERA,0,0
