{
  "repeat_id": 0,
  "task": "breast_cancer",
  "metric": "roc_auc",
  "model": "gemini-2.5-flash",
  "N": 10,
  "initial_score": 0.846776754525246,
  "era_scores": [
    0.9942838996506828,
    0.9698316926008257,
    0.9698316926008257,
    0.9791997459510956,
    0.9698316926008257,
    0.9698316926008257,
    0.992378532867577,
    0.9917434106065418,
    0.9841219434741186,
    0.9901556049539536
  ],
  "era_running_best": [
    0.9942838996506828,
    0.9942838996506828,
    0.9942838996506828,
    0.9942838996506828,
    0.9942838996506828,
    0.9942838996506828,
    0.9942838996506828,
    0.9942838996506828,
    0.9942838996506828,
    0.9942838996506828
  ],
  "bon_scores": [
    0.9698316926008257,
    0.9791997459510956,
    0.9791997459510956,
    0.9765004763416957,
    0.9791997459510956,
    0.9765004763416957,
    0.9791997459510956,
    0.9765004763416957,
    0.9841219434741186,
    0.9791997459510956
  ],
  "bon_running_best": [
    0.9698316926008257,
    0.9791997459510956,
    0.9791997459510956,
    0.9791997459510956,
    0.9791997459510956,
    0.9791997459510956,
    0.9791997459510956,
    0.9791997459510956,
    0.9841219434741186,
    0.9841219434741186
  ],
  "era_final_best": 0.9942838996506828,
  "bon_final_best": 0.9841219434741186,
  "winner": "ERA",
  "num_failed_era_candidates": 0,
  "num_failed_bon_candidates": 0
}