{
  "dataset": "m4_weekly/W/short",
  "prediction_length": 13,
  "model": "gemini-2.5-flash",
  "prompt_version": "conservative_v2",
  "N_per_method": 20,
  "total_gemini_calls": 40,
  "reward_definition": "reward = -MASE (lower MASE -> higher reward)",
  "naive_baseline_MASE": 2.7772950477470046,
  "winner_by_best_generated_MASE": "ERA",
  "either_beat_naive": false,
  "ERA": {
    "n_generated": 20,
    "valid": 19,
    "invalid": 1,
    "best_MASE_incl_seed": 2.7772950477470046,
    "best_generated_MASE_excl_seed": 2.7772950477470046,
    "distance_to_naive_excl_seed": 0.0,
    "beat_naive": false,
    "n_unique_programs": 20,
    "n_duplicate_programs": 0,
    "n_unique_valid_MASE": 4,
    "best_so_far": [
      2.803881710367426,
      2.803881710367426,
      2.803881710367426,
      2.803881710367426,
      2.803881710367426,
      2.803881710367426,
      2.7891324326360882,
      2.7778293556045375,
      2.7772950477470046,
      2.7772950477470046,
      2.7772950477470046,
      2.7772950477470046,
      2.7772950477470046,
      2.7772950477470046,
      2.7772950477470046,
      2.7772950477470046,
      2.7772950477470046,
      2.7772950477470046,
      2.7772950477470046,
      2.7772950477470046
    ]
  },
  "best_of_N": {
    "n_generated": 20,
    "valid": 20,
    "invalid": 0,
    "best_MASE_incl_seed": 2.7772950477470046,
    "best_generated_MASE_excl_seed": 2.7818311903025763,
    "distance_to_naive_excl_seed": 0.004536142555571665,
    "beat_naive": false,
    "n_unique_programs": 20,
    "n_duplicate_programs": 0,
    "n_unique_valid_MASE": 2,
    "best_so_far": [
      2.803881710367426,
      2.803881710367426,
      2.803881710367426,
      2.803881710367426,
      2.803881710367426,
      2.803881710367426,
      2.803881710367426,
      2.803881710367426,
      2.803881710367426,
      2.803881710367426,
      2.7818311903025763,
      2.7818311903025763,
      2.7818311903025763,
      2.7818311903025763,
      2.7818311903025763,
      2.7818311903025763,
      2.7818311903025763,
      2.7818311903025763,
      2.7818311903025763,
      2.7818311903025763
    ]
  },
  "era_records": [
    {
      "iteration": 0,
      "candidate_id": 0,
      "parent_id": null,
      "valid": true,
      "reward": -2.7772950477470046,
      "MASE": 2.7772950477470046,
      "CRPS": 0.06339865082261592,
      "RMSE": 673.4427680198704,
      "error": null,
      "candidate_path": "/Users/zhangweikun/era/implementation/saved_runs/gift_eval_c4_era_vs_bon_N20/era_candidates/cand_000.py",
      "runtime_s": 1.143
    },
    {
      "iteration": 1,
      "candidate_id": 1,
      "parent_id": 0,
      "valid": true,
      "reward": -2.803881710367426,
      "MASE": 2.803881710367426,
      "CRPS": 0.06400937136685105,
      "RMSE": 672.6047546879847,
      "error": null,
      "candidate_path": "/Users/zhangweikun/era/implementation/saved_runs/gift_eval_c4_era_vs_bon_N20/era_candidates/cand_001.py",
      "runtime_s": 1.138
    },
    {
      "iteration": 2,
      "candidate_id": 2,
      "parent_id": 0,
      "valid": true,
      "reward": -2.803881710367426,
      "MASE": 2.803881710367426,
      "CRPS": 0.06400937136685105,
      "RMSE": 672.6047546879847,
      "error": null,
      "candidate_path": "/Users/zhangweikun/era/implementation/saved_runs/gift_eval_c4_era_vs_bon_N20/era_candidates/cand_002.py",
      "runtime_s": 0.847
    },
    {
      "iteration": 3,
      "candidate_id": 3,
      "parent_id": 0,
      "valid": false,
      "reward": null,
      "MASE": null,
      "CRPS": null,
      "RMSE": null,
      "error": "INVALID: candidate raised NameError: name 'phi' is not defined",
      "candidate_path": "/Users/zhangweikun/era/implementation/saved_runs/gift_eval_c4_era_vs_bon_N20/era_candidates/cand_003.py",
      "runtime_s": 0.703
    },
    {
      "iteration": 4,
      "candidate_id": 4,
      "parent_id": 0,
      "valid": true,
      "reward": -2.803881710367426,
      "MASE": 2.803881710367426,
      "CRPS": 0.06400937136685105,
      "RMSE": 672.6047546879847,
      "error": null,
      "candidate_path": "/Users/zhangweikun/era/implementation/saved_runs/gift_eval_c4_era_vs_bon_N20/era_candidates/cand_004.py",
      "runtime_s": 0.832
    },
    {
      "iteration": 5,
      "candidate_id": 5,
      "parent_id": 0,
      "valid": true,
      "reward": -2.803881710367426,
      "MASE": 2.803881710367426,
      "CRPS": 0.06400937136685105,
      "RMSE": 672.6047546879847,
      "error": null,
      "candidate_path": "/Users/zhangweikun/era/implementation/saved_runs/gift_eval_c4_era_vs_bon_N20/era_candidates/cand_005.py",
      "runtime_s": 0.874
    },
    {
      "iteration": 6,
      "candidate_id": 6,
      "parent_id": 0,
      "valid": true,
      "reward": -2.803881710367426,
      "MASE": 2.803881710367426,
      "CRPS": 0.06400937136685105,
      "RMSE": 672.6047546879847,
      "error": null,
      "candidate_path": "/Users/zhangweikun/era/implementation/saved_runs/gift_eval_c4_era_vs_bon_N20/era_candidates/cand_006.py",
      "runtime_s": 0.844
    },
    {
      "iteration": 7,
      "candidate_id": 7,
      "parent_id": 6,
      "valid": true,
      "reward": -2.7891324326360882,
      "MASE": 2.7891324326360882,
      "CRPS": 0.06364324721944545,
      "RMSE": 672.0278918853573,
      "error": null,
      "candidate_path": "/Users/zhangweikun/era/implementation/saved_runs/gift_eval_c4_era_vs_bon_N20/era_candidates/cand_007.py",
      "runtime_s": 0.829
    },
    {
      "iteration": 8,
      "candidate_id": 8,
      "parent_id": 7,
      "valid": true,
      "reward": -2.7778293556045375,
      "MASE": 2.7778293556045375,
      "CRPS": 0.06340910923831707,
      "RMSE": 673.3515447990236,
      "error": null,
      "candidate_path": "/Users/zhangweikun/era/implementation/saved_runs/gift_eval_c4_era_vs_bon_N20/era_candidates/cand_008.py",
      "runtime_s": 0.84
    },
    {
      "iteration": 9,
      "candidate_id": 9,
      "parent_id": 8,
      "valid": true,
      "reward": -2.7772950477470046,
      "MASE": 2.7772950477470046,
      "CRPS": 0.06339865082261592,
      "RMSE": 673.4427680198704,
      "error": null,
      "candidate_path": "/Users/zhangweikun/era/implementation/saved_runs/gift_eval_c4_era_vs_bon_N20/era_candidates/cand_009.py",
      "runtime_s": 0.827
    },
    {
      "iteration": 10,
      "candidate_id": 10,
      "parent_id": 9,
      "valid": true,
      "reward": -2.803881710367426,
      "MASE": 2.803881710367426,
      "CRPS": 0.06400937136685105,
      "RMSE": 672.6047546879847,
      "error": null,
      "candidate_path": "/Users/zhangweikun/era/implementation/saved_runs/gift_eval_c4_era_vs_bon_N20/era_candidates/cand_010.py",
      "runtime_s": 0.977
    },
    {
      "iteration": 11,
      "candidate_id": 11,
      "parent_id": 9,
      "valid": true,
      "reward": -2.803881710367426,
      "MASE": 2.803881710367426,
      "CRPS": 0.06400937136685105,
      "RMSE": 672.6047546879847,
      "error": null,
      "candidate_path": "/Users/zhangweikun/era/implementation/saved_runs/gift_eval_c4_era_vs_bon_N20/era_candidates/cand_011.py",
      "runtime_s": 0.838
    },
    {
      "iteration": 12,
      "candidate_id": 12,
      "parent_id": 9,
      "valid": true,
      "reward": -2.803881710367426,
      "MASE": 2.803881710367426,
      "CRPS": 0.06400937136685105,
      "RMSE": 672.6047546879847,
      "error": null,
      "candidate_path": "/Users/zhangweikun/era/implementation/saved_runs/gift_eval_c4_era_vs_bon_N20/era_candidates/cand_012.py",
      "runtime_s": 0.852
    },
    {
      "iteration": 13,
      "candidate_id": 13,
      "parent_id": 9,
      "valid": true,
      "reward": -2.803881710367426,
      "MASE": 2.803881710367426,
      "CRPS": 0.06400937136685105,
      "RMSE": 672.6047546879847,
      "error": null,
      "candidate_path": "/Users/zhangweikun/era/implementation/saved_runs/gift_eval_c4_era_vs_bon_N20/era_candidates/cand_013.py",