{
  "dataset": "m4_weekly/W-SUN/short",
  "prediction_length": 13,
  "season_length": 1,
  "reward_definition": "reward = -MASE (lower MASE is better -> higher reward)",
  "results": [
    {
      "candidate": "cand_013",
      "dataset": "m4_weekly/W-SUN/short",
      "valid": true,
      "error": null,
      "runtime_s": 0.168,
      "MASE": 2.7778917395094687,
      "CRPS": 0.06341065031591266,
      "RMSE": 673.3726341100135,
      "MSE_mean": 453430.704368258,
      "MAE": 348.05732315189607,
      "reward": -2.7778917395094687
    }
  ]
}
