{
  "dataset": "m4_hourly/H/short",
  "prediction_length": 48,
  "season_length": 24,
  "reward_definition": "reward = -MASE (lower MASE -> higher reward)",
  "results": [
    {
      "candidate": "cand_004",
      "dataset": "m4_hourly/H/short",
      "valid": true,
      "error": null,
      "runtime_s": 0.192,
      "MASE": 3.505643347882325,
      "CRPS": 0.23376290914155234,
      "RMSE": 9886.048639834968,
      "MSE_mean": 97733957.70918281,
      "MAE": 1712.2719021832793,
      "reward": -3.505643347882325
    }
  ]
}
