{
  "dataset": "m4_weekly/W-SUN/short",
  "prediction_length": 13,
  "season_length": 1,
  "reward_definition": "reward = -MASE (lower MASE is better -> higher reward)",
  "results": [
    {
      "candidate": "cand_009",
      "dataset": "m4_weekly/W-SUN/short",
      "valid": true,
      "error": null,
      "runtime_s": 0.175,
      "MASE": 2.777411630953454,
      "CRPS": 0.06340100372688157,
      "RMSE": 673.4284592454957,
      "MSE_mean": 453505.8897217622,
      "MAE": 348.0043735931236,
      "reward": -2.777411630953454
    }
  ]
}
