{
  "task": "pbmc3k",
  "task_label": "scRNA PBMC3k real-data batch integration (D3C-alt ERA vs best-of-N)",
  "dataset_params": {
    "source": "scanpy_pbmc3k",
    "n_cells": 500,
    "n_batches": 3,
    "batch_strength": 0.8,
    "n_hvg": 2000,
    "leiden_resolution": 1.0,
    "data_seed": 42
  },
  "seed_candidate": "pca20_baseline (built-in)",
  "model": "gemini-2.5-flash",
  "prompt_version": "pbmc3k_conservative_v2",
  "N_per_method": 10,
  "total_gemini_calls": 20,
  "reward_definition": "reward = reduced score = bio_score + batch_mixing_score (higher better)",
  "note": "PBMC3k real biology + artificial batch; reduced proxy score, NOT official scIB.",
  "seed_baseline_reward": 1.027498096358162,
  "batch_centered_reference_reward": 1.070069915149361,
  "winner_by_best_generated_reward": "best-of-N",
  "either_beat_seed": true,
  "delta_vs_seed_note": "delta_vs_seed = best_generated_reward - seed_reward; POSITIVE = improvement",
  "ERA": {
    "n_generated": 10,
    "valid": 10,
    "invalid": 0,
    "best_reward_incl_seed": 1.070069915149361,
    "best_generated_reward_excl_seed": 1.070069915149361,
    "delta_vs_seed": 0.04257181879119898,
    "beat_seed": true,
    "reached_reference": true,
    "n_unique_programs": 10,
    "n_duplicate_programs": 0,
    "n_unique_valid_reward": 5,
    "best_so_far": [
      1.070069915149361,
      1.070069915149361,
      1.070069915149361,
      1.070069915149361,
      1.070069915149361,
      1.070069915149361,
      1.070069915149361,
      1.070069915149361,
      1.070069915149361,
      1.070069915149361
    ]
  },
  "best_of_N": {
    "n_generated": 10,
    "valid": 10,
    "invalid": 0,
    "best_reward_incl_seed": 1.0700699165859162,
    "best_generated_reward_excl_seed": 1.0700699165859162,
    "delta_vs_seed": 0.0425718202277543,
    "beat_seed": true,
    "reached_reference": true,
    "n_unique_programs": 10,
    "n_duplicate_programs": 0,
    "n_unique_valid_reward": 4,
    "best_so_far": [
      1.0700699165859162,
      1.0700699165859162,
      1.0700699165859162,
      1.0700699165859162,
      1.0700699165859162,
      1.0700699165859162,
      1.0700699165859162,
      1.0700699165859162,
      1.0700699165859162,
      1.0700699165859162
    ]
  },
  "era_records": [
    {
      "iteration": 0,
      "candidate_id": 0,
      "parent_id": null,
      "valid": true,
      "reward": 1.027498096358162,
      "score": 1.027498096358162,
      "bio_score": 0.5593490679633668,
      "batch_mixing_score": 0.468149028394795,
      "embedding_shape": [
        500,
        20
      ],
      "error": null,
      "candidate_path": "/Users/zhangweikun/era/implementation/saved_runs/scrna_d3c_pbmc3k_era_vs_bon_N10/era_candidates/cand_000.py",
      "runtime_s": 2.016
    },
    {
      "iteration": 1,
      "candidate_id": 1,
      "parent_id": 0,
      "valid": true,
      "reward": 1.070069915149361,
      "score": 1.070069915149361,
      "bio_score": 0.5669490173459053,
      "batch_mixing_score": 0.5031208978034556,
      "embedding_shape": [
        500,
        20
      ],
      "error": null,
      "candidate_path": "/Users/zhangweikun/era/implementation/saved_runs/scrna_d3c_pbmc3k_era_vs_bon_N10/era_candidates/cand_001.py",
      "runtime_s": 1.559
    },
    {
      "iteration": 2,
      "candidate_id": 2,
      "parent_id": 1,
      "valid": true,
      "reward": 1.0567848049104214,
      "score": 1.0567848049104214,
      "bio_score": 0.5508187413215637,
      "batch_mixing_score": 0.5059660635888577,
      "embedding_shape": [
        500,
        20
      ],
      "error": null,
      "candidate_path": "/Users/zhangweikun/era/implementation/saved_runs/scrna_d3c_pbmc3k_era_vs_bon_N10/era_candidates/cand_002.py",
      "runtime_s": 2.191
    },
    {
      "iteration": 3,
      "candidate_id": 3,
      "parent_id": 1,
      "valid": true,
      "reward": 1.0581527454778552,
      "score": 1.0581527454778552,
      "bio_score": 0.5520458482205868,
      "batch_mixing_score": 0.5061068972572684,
      "embedding_shape": [
        500,
        20
      ],
      "error": null,
      "candidate_path": "/Users/zhangweikun/era/implementation/saved_runs/scrna_d3c_pbmc3k_era_vs_bon_N10/era_candidates/cand_003.py",
      "runtime_s": 1.424
    },
    {
      "iteration": 4,
      "candidate_id": 4,
      "parent_id": 1,
      "valid": true,
      "reward": 1.0688207710627466,
      "score": 1.0688207710627466,
      "bio_score": 0.5655191168189049,
      "batch_mixing_score": 0.5033016542438418,
      "embedding_shape": [
        500,
        20
      ],
      "error": null,
      "candidate_path": "/Users/zhangweikun/era/implementation/saved_runs/scrna_d3c_pbmc3k_era_vs_bon_N10/era_candidates/cand_004.py",
      "runtime_s": 1.384
    },
    {
      "iteration": 5,
      "candidate_id": 5,
      "parent_id": 1,
      "valid": true,
      "reward": 1.0688207710627466,
      "score": 1.0688207710627466,
      "bio_score": 0.5655191168189049,
      "batch_mixing_score": 0.5033016542438418,
      "embedding_shape": [
        500,
        20
      ],
      "error": null,
      "candidate_path": "/Users/zhangweikun/era/implementation/saved_runs/scrna_d3c_pbmc3k_era_vs_bon_N10/era_candidates/cand_005.py",
      "runtime_s": 1.95
    },
    {
      "iteration": 6,
      "candidate_id": 6,
      "parent_id": 5,
      "valid": true,
      "reward": 1.070069915149361,
      "score": 1.070069915149361,
      "bio_score": 0.5669490173459053,
      "batch_mixing_score": 0.5031208978034556,
      "embedding_shape": [
        500,
        20
      ],
      "error": null,
      "candidate_path": "/Users/zhangweikun/era/implementation/saved_runs/scrna_d3c_pbmc3k_era_vs_bon_N10/era_candidates/cand_006.py",
      "runtime_s": 1.338
    },
    {
      "iteration": 7,
      "candidate_id": 7,
      "parent_id": 6,
      "valid": true,
      "reward": 1.0688207710627466,
      "score": 1.0688207710627466,
      "bio_score": 0.5655191168189049,
      "batch_mixing_score": 0.5033016542438418,
      "embedding_shape": [
        500,
        20
      ],
      "error": null,
      "candidate_path": "/Users/zhangweikun/era/implementation/saved_runs/scrna_d3c_pbmc3k_era_vs_bon_N10/era_candidates/cand_007.py",
      "runtime_s": 1.347
    },
    {
      "iteration": 8,
      "candidate_id": 8,
      "parent_id": 6,
      "valid": true,
      "reward": 1.0688207710627466,
      "score": 1.0688207710627466,
      "bio_score": 0.5655191168189049,
      "batch_mixing_score": 0.5033016542438418,
      "embedding_shape": [
        500,
        20
      ],
      "error": null,
      "candidate_path": "/Users/zhangweikun/era/implementation/saved_runs/scrna_d3c_pbmc3k_era_vs_bon_N10/era_candidates/cand_008.py",
      "runtime_s": 1.359
    },
    {
      "iteration": 9,
      "candidate_id": 9,
      "parent_id": 6,
      "valid": true,
      "reward": 1.041185216512531,
      "score": 1.041185216512531,
      "bio_score": 0.536643486469984,
      "batch_mixing_score": 0.504541730042547,
      "embedding_shape": [
        500,
        50
      ],
      "error": null,
      "candidate_path": "/Users/zhangweikun/era/implementation/saved_runs/scrna_d3c_pbmc3k_era_vs_bon_N10/era_candidates/cand_009.py",
      "runtime_s": 1.352
    },
    {
      "iteration": 10,
      "candidate_id": 10,
      "parent_id": 6,
      "valid": true,
      "reward": 1.0581527454778552,
      "score": 1.0581527454778552,
      "bio_score": 0.5520458482205868,
      "batch_mixing_score": 0.5061068972572684,
      "embedding_shape": [
        500,
        20
      ],
      "error": null,
      "candidate_path": "/Users/zhangweikun/era/implementation/saved_runs/scrna_d3c_pbmc3k_era_vs_bon_N10/era_candidates/cand_010.py",
      "runtime_s": 2.105
    }
  ],
  "bon_records": [
    {
      "iteration": 0,
      "candidate_id": 0,
      "parent_id": null,
      "valid": true,
      "reward": 1.027498096358162,
      "score": 1.027498096358162,