{
  "dataset": "m4_weekly/W-SUN/short",
  "prediction_length": 13,
  "season_length": 1,
  "reward_definition": "reward = -MASE (lower MASE is better -> higher reward)",
  "results": [
    {
      "candidate": "candidate_naive",
      "dataset": "m4_weekly/W-SUN/short",
      "valid": true,
      "error": null,
      "runtime_s": 0.16,
      "MASE": 2.7772950477470046,
      "CRPS": 0.06339865082261592,
      "RMSE": 673.4427680198704,
      "MSE_mean": 453525.16179826495,
      "MAE": 347.99145864025286,
      "reward": -2.7772950477470046
    },
    {
      "candidate": "candidate_seasonal_naive",
      "dataset": "m4_weekly/W-SUN/short",
      "valid": true,
      "error": null,
      "runtime_s": 0.156,
      "MASE": 9.57798652514135,
      "CRPS": 0.13249270953900685,
      "RMSE": 1397.8208625539582,
      "MSE_mean": 1953903.1637910916,
      "MAE": 727.2446756111572,
      "reward": -9.57798652514135
    },
    {
      "candidate": "candidate_moving_average",
      "dataset": "m4_weekly/W-SUN/short",
      "valid": true,
      "error": null,
      "runtime_s": 0.156,
      "MASE": 3.4206366271973376,
      "CRPS": 0.07839678387688769,
      "RMSE": 802.6817036155301,
      "MSE_mean": 644297.9173191296,
      "MAE": 430.3153272197209,
      "reward": -3.4206366271973376
    }
  ]
}
